tool,id,filename,haverace,threads,dataset,races,elapsed-time(seconds),used-mem(KBs),compile-return,runtime-return
taskgrind,001,"DRB001-antidep1-orig-yes.c",true,8,N/A,0,.239,41212,0,0
taskgrind,001,"DRB001-antidep1-orig-yes.c",true,8,N/A,0,.237,41332,0,0
taskgrind,001,"DRB001-antidep1-orig-yes.c",true,8,N/A,0,.238,41324,0,0
taskgrind,001,"DRB001-antidep1-orig-yes.c",true,8,N/A,0,.236,41324,0,0
taskgrind,001,"DRB001-antidep1-orig-yes.c",true,8,N/A,0,.237,41328,0,0
taskgrind,002,"DRB002-antidep1-var-yes.c",true,8,32,0,.224,41328,0,0
taskgrind,002,"DRB002-antidep1-var-yes.c",true,8,32,0,.225,41328,0,0
taskgrind,002,"DRB002-antidep1-var-yes.c",true,8,32,0,.225,41328,0,0
taskgrind,002,"DRB002-antidep1-var-yes.c",true,8,32,0,.225,41324,0,0
